{
  "n_val": 10,
  "brier_before": 0.24510532404862567,
  "brier_after": 0.24878790681150612
}