{
  "tabular": {
    "accuracy": 0.5714285714285714,
    "f1": 0.6086956521739131,
    "roc_auc": 0.5272727272727273,
    "pr_auc": 0.5595935789356843,
    "brier": 0.3506202739698518,
    "sensitivity": 0.7,
    "specificity": 0.45454545454545453
  },
  "ecg": {
    "accuracy": 0.4375,
    "f1": 0.5263157894736842,
    "roc_auc": 0.296875,
    "pr_auc": 0.37546151764901764,
    "brier": 0.33106250000000004,
    "sensitivity": 0.625,
    "specificity": 0.25
  },
  "fusion": {
    "accuracy": 0.375,
    "f1": 0.5,
    "roc_auc": 0.46875,
    "pr_auc": 0.5555593711843712,
    "brier": 0.2570745152431394,
    "sensitivity": 0.625,
    "specificity": 0.125
  }
}