{
  "logistic_regression": {
    "roc_auc": {
      "folds": [
        0.5714285714285714,
        0.6904761904761905,
        0.8095238095238095,
        0.5714285714285714,
        0.75
      ],
      "mean": 0.6785714285714285,
      "std": 0.09523809523809526
    },
    "pr_auc": {
      "folds": [
        0.6475417439703155,
        0.7980115122972264,
        0.8928571428571428,
        0.7063852813852813,
        0.8541666666666665
      ],
      "mean": 0.7797924694353265,
      "std": 0.0911328094113513
    },
    "accuracy": {
      "folds": [
        0.6153846153846154,
        0.6153846153846154,
        0.7692307692307693,
        0.5833333333333334,
        0.75
      ],
      "mean": 0.6666666666666667,
      "std": 0.07702984043999898
    }
  },
  "random_forest": {
    "roc_auc": {
      "folds": [
        0.5,
        0.6666666666666667,
        0.75,
        0.5,
        0.7222222222222223
      ],
      "mean": 0.6277777777777779,
      "std": 0.10772621905369624
    },
    "pr_auc": {
      "folds": [
        0.5664922379208093,
        0.6793040293040292,
        0.834065934065934,
        0.5948979591836735,
        0.7291666666666666
      ],
      "mean": 0.6807853654282225,
      "std": 0.09620544988198965
    },
    "accuracy": {
      "folds": [
        0.46153846153846156,
        0.6923076923076923,
        0.6153846153846154,
        0.5,
        0.6666666666666666
      ],
      "mean": 0.5871794871794871,
      "std": 0.09116096838272397
    }
  },
  "n_samples": 63
}