{"epoch": 50, "acc": 0.75, "roc_auc": 0.6666666666666666, "ap": 0.9166666666666665, "brier": 0.22126945853233337}